lemma	gloss
Achilles	a Grecian hero
Actaeus	prop. of Acte (the coast of Attica)
Adonis	Adonis, a youth beloved by Venus
Aegle	
Aegon	
Aethiopes	
Afri	
Aganippe	
Alcides	a descendant of Alceus; esp. his grandson Hercules
Alcimedon	
Alcippe	
Alcon	
Alexis	
Alphesiboeus	
Alpinus	of the Alps, Alpine
Amaryllis	a shepherdess
Amor	love, affection, strong friendly feeling; Amor, god of love
Amphion	a son of Jupiter
Amyntas	
Antigenes	
Aones	
Aonius	of Aonia (i.e. Boeotia)
Apollo	Apollo
Aracimthus	
Araris	
Arcades	
Arcadia	
Arethusa	
Argo	
Arion	
Ariusius	
Armenius	
Ascraeus	
Assyrius	
Bacchus	the son of Jupiter and Semele, the god of wine, of intoxication and inspiration
Bauius	
Bianor	
Boreas	the north wind
Britanni	
Caesar	
Calliope	
Camenae	
Cancer	a crab, seacrab, river-crab
Caucasius	
Ceres	the daughter of Saturn, goddess of agriculture
Chalcidicus	
Chaonius	
Chromis	a sea-fish
Cinna	
Circe	daughter of the Sun, a sorceress
Codrus	
Conon	
Corydon	
Cremona	
Creta	Cretan earth, pipe - clay, chalk
Cumaeus	
Custos	a guard, watch, preserver, keeper, overseer, protector, defender, attendant
Cydonius	
Cynthius	
Cyrneus	
Damoetas	
Damon	
Daphnis	
Dardanius	Trojan
Darmoeta	
Delia	
Dictaeus	
Dionaeus	
Dircaeus	
Doris	
Dryades	wood-nymphs, dryads
Dulichius	
Eurotas	
Faunus	a mythical king of Latium, worshipped as the Italian Pan
Formonius	
Formonsis	
Fors	chance, hap, luck, hazard, accident
Fortunatus	prospered, prosperous, lucky, happy, fortunate
Galatea	
Gallus	of Gaul, Gallic
Garamantes	
Germania	
Gortynius	
Gryneus	
Hebrus	
Hesperides	
Hesperus	
Hin	
Hybla	
Hyblaeus	
Hylas	
Iacchus	Bacchus
Illon	
Illyricus	Illyrian
Iolla	
Ismarus	
Iuppiter	Jupiter, Jove, son of Saturn, brother and husband of Juno, chief of the gods, god of the sky
Liber	an Italian deity of planting and fructification
Libertas	freedom, liberty, absence of restraint, permission
Libethrides	
Linus	
Lucifer	lightbringing
Lucina	she that brings to light, goddess of childbirth
Luna	the moon
Lycaeus	
Lycidas	
Lycisca	
Lycoris	
Lyctius	
Maenalius	of  Maenalus, Maenalian
Maenalus	a  range of mountains in Arcadia, sacred to Pan
Maeuius	
Mantua	
Mars	Mars, father of Romulus and god of war, with whose month, Martius, the Roman          year began
Martius	of Mars; March
Meliboeus	
Menalcas	
Micon	
Mincius	
Mnasyllis	
Moeris	
Mopsus	
Musa	a muse, one  of the nine Muses (goddesses of poetry, music, and all liberal arts)
Nais	a water-nymph, Naiad
Neaera	
Nereus	
Nerinus	
Nisa	
Nisae	
Notus	the south wind
Nympha	a bride,  mistress, young woman; nymph, demi-goddess inhabiting water or other natural parts
Oaxes	
Oeta	
Olympus	a high mountain on the borders of Macedonia and Thessaly
Orpheus	
Palaemon	
Pales	an Italian goddess of shepherds and pastures
Pallas	a surname  of Athene (identified with the Roman Minerva)
Pan	Pan, son of  Mercury, god of woods and shepherds, often represented as half man, half goat
Parca	a goddess of Fate
Parcius	
Paris	
Parnasius	of Mt. Parnassus, Parnassian
Parnasus	Mt Parnassus, home to the Muses
Parthenius	
Parthus	
Pasiphae	
Peloris	a large  shell-fish, the giant mussel
Permessus	
Phaethontiades	
Phillis	
Philomela	a  daughter of Pandion, changed into a nightingale
Phoebus	Apollo as  the god of light
Phyllis	
Pierides	
Pindus	
Poeni	the Carthaginians (as of Phoenician origin)
Pollio	
Pontus	the sea
Priapus	Priapus,  the god of gardens and vineyards
Proetides	
Prometheus	a  son of Iapetus, who stole fire from heaven for men
Pyrrha	
Rhenus	
Rhodope	
Roma	Rome, the mother city
Sardonius	
Saturnius	of Saturn, Saturnian
Scylla	
Scythia	
Sicanus	
Sicelis	Sicilian
Siculus	
Sider	
Silenus	the  snub-nosed and drunken tutor of Bacchus
Siluanus	
Siluie	
Sithonius	
Sophocleus	
Stimichon	
Syracosius	Syracusan, of Syracuse (the chief city of Sicily)
Tereus	
Thalia	the Muse of Comedy
Thestylis	
Thetis	a sea-nymph,  mother of Achilles
Thracius	
Thyrsis	
Tigris	a tiger, tigress
Timauus	
Tiphys	
Tityrus	a shepherd
Tmarus	
Troia	Troy
Uarus	bent, turned awry, crooked
Uenus	sale
Uesper	the evening-star
Ulixes	Ulysses
ab	from, away from, out of
abduco	to lead away, take away, carry off, remove, lead aside
abeo1	
abies	the fir-tree, silver-fir
absum1	
abundans2	
ac1	
acanthus    
accipio	to take without effort, receive, get, accept
acer2	sharp, piercing, penetrating, cutting, irritating, pungent
acutus	sharpened, pointed, sharp, cutting
ad2	
addo	to put to, place upon, lay on, join, attach
adeo2	To designate a limit, to this, thus far, so far, as far
adhuc	of time, until now, heretofore, hitherto, as yet
adiungo	to fasten on, join to, harness
admoneo	to bring to mind, remind, suggest, put in mind of
admoueo	
adoleo	offer burnt sacrifice
aduena  
aduentus	
aduersus1	
aeger2	
aequiparo	
aequor	an even surface, level; (surface of the) sea
aequum	a plain, level
aerius	of the air, aerial, high, heavenly
aes	crude metal, base metal, copper
aestas	summer
aestus	an agitation, glow, heat, rage of fire
aetas	the life of man, age, lifetime, years
aeuum	
age	imper. of ago, freq. as interj, come, go to; see ago
agellus	a small estate, little field
ager	productive land, a field, farm, estate, arable land, pasture
aggredior	to approach, attack
agna	a ewe lamb
agnus	a lamb
ago	to put in motion, move, lead, drive, tend, conduct
agrestis	of the fields, belonging to the country
agrestis2	a countryman, peasant, rustic
agricola	a husbandman, agriculturist, ploughman, farmer, peasant
ah	interj. --Of distress or pity, of reproach or admonition, of surprise
ala	a wing; armpit
alacer	lively, brisk, quick, eager, excited, glad, happy
album	white color, whiteness
albus	white (without lustre, opp. ater; cf. candidus, opp. niger):
alga	sea-weed, --Prov. of worthlessness
alibi	elsewhere, somewhere else, at another place (cf. alio loco)
alienus2	one of another house, a stranger to the family, foreigner, alien
aliquis	pron indef., some one, any one, anybody, one or another; neut., something, anything
aliquot	some, several, a few, not many, a number:
alius	another, other, different
alloquor	to speak to, address, salute, greet
almus	nourishing, fruitful, foodgiving
alnus	the alder
alo	to feed, nourish, support, sustain, maintain
altar	
alte	high, on high, from above, loftily
alter	one, another, the one, the other
alternis	alternately, by turns
alternus	one after the other, alternate, in turn, reciprocal
altus	(nourished, grown great,) high, lofty, tall; deep
amans1	
amarus	bitter, pungent
ambo2	
amnis	a river
amo	to love
amomum	an aromatic shrub, used in making balsam
amor	love, affection, strong friendly feeling; Amor, god of love
ample	largely, broadly, abundantly, spaciously, extensively
amplector	to twine around, encircle, encompass, embrace
an	or
anethum	dill, anise
anguis	a serpent, snake
anima	air, breath, life, soul
animal	a living being, animal
animus	the rational soul
annus	a year
ansa	a handle, haft
anser	a goose
ante1	
ante2	
antiqui	
antrum	a cave, cavern, grotto (poet.)
aper	a wild boar
apis	a bee
apium	parsley
appareo	to appear, to be clear, to be evident
apricus	exposed to the sun, warmed by sunshine, sunny
apud	near, at, with (a person)
aqua	water
aquila	an eagle
aquosus	abounding in water, rainy, moist, watery
ara	a structure for sacrifice, altar
arator	a ploughman
aratrum	a plough
arbor	a tree
arbustum	a place where trees are planted, plantation, vineyard planted with trees
arbutus	the wild strawberrytree, arbutus
arcus	a bow
ardens	glowing, fiery, hot, ablaze
ardeo	to be on fire, burn, blaze, be burned
arena	
areo	to be dry, be parched
argutus	active, quick, expressive, lively, wordy
aries	a ram
arista	the top of an ear, beard of grain
arma	weapons; implements, outfit, instruments, tools
armentum	cattle for ploughing
artus1	
arundo	
aruum	
arx	a castle, citadel, fortress, stronghold
asper	(without hope) ; rough, uneven, harsh; violent, unkind, cruel
aspicio	to look at, look upon, behold, look
assidue	continually, constantly, uninterruptedly
assiduus	attending, continually present, busied
assum1	
assurgo	to rise up, rise, stand up
astrum	a heavenly body, star, constellation
at2	
atque1	
attero	to rub against, rub away, wear
attingo	to touch, come in contact with
attondeo	to shave, shear
audeo	to venture, dare, be bold, dare to do, risk
audio	to hear
auena	wild oats
auerto	to turn away, avert, turn off, remove
aufero	to take away, bear off, carry off, withdraw, remove
aura	the air (in motion), a breeze, breath of air, wind, blast
aureus2	
auris	the ear
auster	the south wind
aut	or
bacca	
baccar	
barba	the beard
barbarus2	
beatus	happy, prosperous, blessed, fortunate
bellum	war
bene	well
bibo2	
binus	
bis	twice, at two times, on two occasions
bitumen	mineral pitch, bitumen:
blandus	of smooth tongue, flattering, fawning, caressing
bonus	good
bos	an ox, bull, cow
breuis	
bucula	a heifer, young cow
cacumen	an extremity, point, peak, top, summit
cado	to fall, fall down, descend
caelo	to engrave in relief, make raised work, carve, engrave
caelum	
caelum1	
caespes	a turf, cut sod
calamus	a reed, cane
calathus	a wicker-basket, hand-basket (for flowers, wool, etc.)
caltha	a yellow flower, marigold
campus1	
candidus	shining white, clear, bright
canis	a dog
cano	to sing, to prophesy
cantharus	a wide drinking-vessel with handles, tankard, pot
canto	to produce melodious sounds, sound, sing, play
canus	white, hoary
capella	a she-goat
caper	a he-goat, goat
capio2	
capreolus	a wild goat, chamois, roebuck
capto	to strive to seize, lay hold of, catch at, snatch, chase, hunt, capture
caput	the head
carduus	the thistle, wild thistle
carectum	a field of rushes, sedgeplot
carmen1	
carpo	to pick, pluck, pluck off, cull, crop, gather
carus	dear, precious, valued, esteemed, beloved
casa	a small house, cottage, hut, cabin, shed
caseus	cheese
casia	wild cinnamon, a fragrant shrub, mezereon
castanea	the chestnut-tree, a chestnut
castaneus	
castra2	a military camp, encampment (regularly a square surrounded by a trench, and a wall with four gates): stativa, permanent
castus2	ceremonial state of abstinence
catulus	Catulus; cognomen in the gens Lutatia
caueo	
causa	a cause, reason, motive, inducement, occasion, opportunity
causor	to allege as a reason, make a pretext of, plead, pretend
cauus2	
cedo1	
cera	wax
cereus2	a wax-light, taper
cerno	to separate, sift; distinguish, decide, comprehend
certamen	a decisive contest, measuring of forces, struggle, strife, dispute, dissen
certe	really, surely, assuredly, actually, certainly, as a fact
certo1	
certo?	
certus	determined, resolved, fixed, settled, purposed, certain
ceruus	
cesso	to be remiss, delay, loiter, cease from, stop, give over
ceterus	the other, remainder, rest
chorus	a dance in a ring, choral dance, dance
cicada	the cicada, tree-cricket
cicuta	hemlock (given to criminals as poison)
cingo	to go around, surround, encompass, environ, gird, wreathe, crown
cinis	ashes, esp. of a corpse
circum1	
circum2	to throw up all around
circumdo	to place around, cause to surround, set around
ciuis	
clamo	to call, cry out, shout aloud, complain aloud
claudo1	
cliuus	
coepio	to begin, commence
cogito	to consider thoroughly, ponder, weigh, reflect upon, think
cognosco	to become acquainted with, acquire knowledge of, ascertain, learn, perceive, understand ; perf., to know
cogo	to collect, crowd, bring together; to force, compel
colligo3	
collis	an elevation, high ground, hill
collum	the neck
colo2	
colocasium	an Egyptian bean, marsh-lily
colonus1	
color	color, hue, tint
columba	a dove, pigeon
commaculo	to spot, stain, pollute, defile
compello	to drive together, urge, compel
compello2	to accost, address
compingo1	
complector	to clasp, embrace, grasp
compono	to bring together, place together, collect, unite, join, connect, aggregate
concedo1	
concors	of the same mind, united, agreeing, concordant, harmonious
concresco	to grow together, harden, condense, curdle, stiffen, congeal
concubitus	a lying together, concubinage
condo	to put together, make by joining, found, establish, build, settle
congero2	
coniunctus	connected
coniungo	to fasten together, connect, join, unite, gather
coniux	
connitor2	
consero3	
consido	to sit down, take seats, be seated, settle
consul	a consul
consulo	to meet and consider, reflect, deliberate, take counsel, consult, take care, have regard, look out, be mindful
consumo	to use up, eat, devour
contagium	infection, contagion, taint
contendo	to stretch, bend, draw tight, strain
contingo1	
contra1	
contundo	to beat, bruise, grind, crush, pound, break to pieces
conuenio	
conuexus	
conuiuium	
copia	an abundance, ample supply, plenty; (usu. pl.) troops, forces
cornix	a crow
cornu	a horn, antler
corpus	a body
corripio	to seize, snatch up, grasp, collect, take hold of, arrest
cortex	the bark, rind, shell, hull
corylus	a hazel-tree, filberttree
corymbus	a cluster of ivyberries, cluster, garland
cotes	a pointed rock, crag (see cautes)
cothurnus	a high Grecian shoe
cras2	
cratera	a mixing-vessel, winebowl, punch - bowl
credo	to trust, to believe, to lend
credulus	that easily believes, credulous, easy of belief, confiding, unsuspecting
cresco	to come into being, spring up
crinis	the hair, hair of the head
croceus	of saffron, saffron-colored, yellow, golden
crudelis	rude, unfeeling, hard, unmerciful, hard - hearted, cruel, severe, fierce
cubile	a place of rest, couch, bed
cuius1	
culmen	the top, summit, roof, gable
cultus1	
cum	with, together with, in the company of, in connection with, along with, together, and
cum2	when, at the time when; although, since
cum3	
cunabula	a cradle
cupio	to long for, desire, wish
cupressus	the cypress (an evergreen tree, sacred to Pluto)
cur	why? wherefore? for what reason?
cura	trouble, care, attention, pains, industry, diligence, exertion
curo	to care for, take pains with, be solicitous for, look to, attend to, regard
curro	to run, move quickly, hasten
currus	a chariot, car, wain, wagon
cursus	a running, course, way, march, passage, voyage, journey
curuus	
custos	a guard, watch, preserver, keeper, overseer, protector, defender, attendant
cycnus	the swan
cytisus	a kind of clover, shrubby clover
dama	a slave’s name
damno	to adjudge guilty, condemn, convict
daps	a solemn feast, sacrificial feast
de	
dea	a goddess
debeo	to withhold, keep back; owe; ought
decedo1	
decem	ten
decipio	to catch, ensnare, entrap, beguile, elude, deceive, cheat
decurro	to run down, hasten down, run, hasten
decus	grace, glory, honor, dignity, splendor, beauty
deduco	to lead  away, draw out, turn aside, divert, bring out, remove, drive off, draw down
deerro2	
defendo	to ward off, repel, avert, keep off
defero	to bring away, carry off, take down, carry, take,  remove
defio	to run out, be wanting (passive of deficio)
deinde	then, next, thereafter, thence
delabor2	
delicia1	
deligo3	
delphin	
demens	out of  one’s senses, insane, demented, mad, raving, foolish, distracted
dementia	insanity, madness, distraction, folly
demitto	to send down, let down, drop, lower, put down, let fall,  sink
denique	and thenceforward, and thereafter, at last, at length, finally, lastly, only,          not until
densus	thick,  close, compact, dense, crowded
depascor	to eat up, feed on, consume
depello	to drive out, drive away, remove, expel, put out, put  off, turn aside
depono	to lay  away, put aside, set down, lay, place, set, deposit
descendo	to climb down, come down, descend, fall, sink
describo	to copy off,  transcribe, write out, write down
desero2	to leave, forsake, abandon, desert, give up
desero?	
desino	to leave off, give over, cease, desist, forbear
despicio	to look down upon
destituo	to set down, set forth, put away, bring forward, leave alone
desum1	
detexo	to weave, plait
detineo	to hold off, keep back, detain, check
deus	a god, deity
dextera	the right hand
dico2	to say, speak, utter, tell, mention, relate, affirm, declare, state,          assert
dies	a day, civil day
diffundo2	
dignor	to deem worthy, honor, deign, condescend
dignus	worthy, deserving, meritorious, deserved, suitable, fitting, becoming,      proper
discedo1	
discludo	to keep apart, divide, shut off
disco	to learn, learn to know, acquire, become acquainted with
discordia	disunion, disagreement, dissension, variance, discord
dispar	unlike, dissimilar, different, unequal, ill-matched
disperdo	to spoil, ruin
distendo	to stretch asunder, stretch out, extend
diua	
diuersus	
diues	
diuido	
diuinus2	
diuus	
diuus1	
do	to hand over, deliver, give up, render, furnish, pay, surrender
doceo	to cause to know, make aware, teach, instruct, inform, show, prove, convince,          tell
doleo	to feel pain, suffer, be in pain, ache
dolus	a device, artifice, contrivance
dominus	a master, possessor, ruler, lord, proprietor, owner
domus	a house, dwelling-house, building, mansion, palace
donec	as long as, while
dono	To give as a present, present, bestow, grant, vouchsafe, confer
donum	a gift, present
duco	to lead, conduct, guide, direct, draw, bring, fetch, escort
dulcis	sweet
dum	a while, now, yet
dum2	while, whilst, at the time that, during the time in which, where
dumosus	full of thorn-bushes, bushy
duo	two
duplico	to double, multiply by two, repeat
duresco	to grow hard, harden
duro	to make hard, harden, solidify
durus	hard (to  the touch)
dux	a leader, conductor, guide
ebulum	Dane-wort, dwarf-elder
ecce	lo! see! behold! there! look!
ecquis	Direct, Is there any one? any? any one? anybody?  anything?
edisco	to learn thoroughly, learn by heart, commit to memory
edo1	
effero2	to make wild, make savage, barbarize, brutalize
efficio	to make out, work out, bring to pass, bring about, effect, cause, produce, make,          form, execute, finish, complete, accomplish
effigies	a copy, imitation, counterpart, likeness, semblance, effigy
effugio	to flee away, get away, escape
ego	I, me, we, us
electrum	
en	interj., calling attention, or expressing  surprise or indignation, lo! behold! see! there!
enim2	
eo1	
equidem	verily, truly, indeed, at all events
equus	a horse, steed, charger
ergo2	
erigo	to raise up, lift, set up, erect, elevate
errabundus	wandering about, vagrant, at random
erro2	a wanderer, vagabond
error	a wandering, straying, strolling
erubesco	to grow red, redden
eruum	
et2	
etiam	now too, yet, as yet, even yet, still, even now
euincio	to bind fast, tie up, fetter, clamp
ex	out of, from within
examen	a multitude flying out, swarm
excio	to bring out; to rouse
excipio	To take out, withdraw
exeo1	
exitium	destruction, ruin, hurt, mischief
exordium	the warp of a web, beginning, introduction (of speech)
experior	to try, prove, test, experience, endure
exspecto	to look out for, await, wait for
exstinguo	to put out, quench, extinguish
exsul	a banished person, wanderer, exile
exter	on the outside, outward, of another country, foreign, strange
exuuiae	
facilis	easy to do, easy, without difficulty
facio	to make, construct, fashion, frame, build, erect, produce, compose
factum	a deed, act, exploit, achievement
faginus	of beech, beechen
fagus	a beech-tree
fallax	deceitful, deceptive, fallacious
fallo	deceive, trick, cheat; escape notice; pass. to be mistaken
falsus	deceptive, feigned, spurious, deceitful, false, pretended, delusive,      unfounded
falx	a curved blade, pruningknife, pruning-hook
fama	a report, rumor, saying, talk, tradition
fascino	to enchant, bewitch, fascinate
fascis	a bundle, fagot, fascine, packet, parcel
fastidio	to feel disgust, shrink, flinch, loathe, dislike, despise
fastidium	nausea, squeamishness, loathing, distaste, aversion
fateor	to confess, own, grant, acknowledge
fatum	an utterance, prophetic declaration, oracle, prediction; death
faueo	
fax	a torch, firebrand, flambeau, link
felix	fruitful, productive
fera	a wild beast, wild animal
ferio	to strike, smite, beat, knock, cut, thrust, hit
fero	to bear, carry, support, lift, hold, take up; to report, tell
ferreus	made of iron, iron
ferula	a reed, whip, rod, ferule, staff
ferus2	
fessus	wearied, tired, fatigued, exhausted, worn out, weak, feeble, infirm
fetura	a bringing forth, bearing, breeding
fetus1	
fetus2	a bringing forth, bearing, hatching, producing
figo	to fix, fasten, drive, thrust in, attach, affix, post, erect, set up
fingo	to form, fashion, make; to touch (rare)
finis	that which divides, a boundary, limit, border
fio	pass. of facio; happen, be done; become
firmo	to make firm, strengthen, fortify, sustain
fiscella	a small woven basket
fistula	a pipe, tube, water-pipe
flamma	a blazing fire, blaze, flame
flauesco	
fleo	to weep, cry, shed tears, lament, wail
florens	blooming, flowering, in bloom
floreo	to bloom, blossom, flower
flos	a blossom, flower
fluctus	a flood, flow, tide, wave, billow, surge
flumen	a flowing, flood, stream, running water
fluo	to flow, stream
fluuius	
focus	a fire-place, hearth
folium	a leaf
fons	a spring, fountain, well, source
foras	out through the doors, out of doors, forth, out
forma	a form, contour, figure, shape, appearance, looks
formido1	
formosus	finely formed, beautiful, handsome
forsitan	perhaps, peradventure, it may be that
forte	by chance, by accident, casually, accidentally
fortunatus	prospered, prosperous, lucky, happy, fortunate
foueo	
fraga	
fragilis	easily broken, brittle, fragile
frango	to break in pieces, dash to pieces, shiver, shatter, fracture
fraus	a cheating, deceit, imposition, fraud
fraxinus	ash tree; ashen spear
fretum	a strait, sound, channel
frigidus	cold, cool, chill, chilling
frigus	cold, coldness, coolness, chilliness
frondator	one who strips off leaves, a dresser, pruner
frondeo	to put forth leaves, be in leaf, become green
frondosus	full of leaves, leafy
frons1	
frons2	the forehead, brow, front
frustra	(in deception, in error); in vain
frux	fruit, produce, pulse, legumes
fugio	to flee, fly, take flight, run away, make off
fulcio	to prop up, keep up by props, stay, support
fuligo	soot
fumo	to smoke, steam, reek, fume
fundo2	to lay the bottom, make a foundation, found, begin
fundo?	
funus	a funeral procession, funeral rites, burial, funeral
fur	a thief
furor1	
furtum	theft, robbery
fuscus	dark, swarthy, dusky, tawny
fusus1	
futurus	going to be, yet to be, to come, future
gaudeo	to rejoice, be glad, be joyful, take pleasure, be pleased, delight
gelidus	icy cold, very cold, icy, frosty
gemellus2	
gemma	a bud, eye, gem
gemo	to sigh, groan, lament
gens	a race, clan, house
genus1	
glacies	ice
glans	an acorn, nut
gracilis	thin, slight, slender, slim, meagre, lean
gramen	grass
grandis	full-grown, large, great, full, abundant
gratus	beloved, dear, acceptable, pleasing, agreeable
grauis	
grex	a flock, herd, drove, swarm
gryps	a griffin (a  fabulous four-legged bird)
gurges	a raging abyss, whirlpool, gulf
habeo	to have, hold, support, carry, wear
habito	to dwell, abide, reside, live
hac	this way, on this side, here
haedus	a young goat, kid
haereo	to hang, stick, cleave, cling, adhere, hold fast, be fixed, sit fast, remain          close
hamadryas	a  woodnymph, hamadryad, dryad
hasta	a staff, rod, pole
hedera	ivy, ivy-vine
herba	an herb, grass, green blades, herbage, turf
heros	A hero, illustrious man
hesternus	of yesterday, yesterday’s
heu	interj., of grief or pain, oh! ah! alas!
hibernus	of winter, wintry, winter-
hibisco	
hibiscum	the  marsh-mallow
hic1	
hic2	in this place, here
hiems	the winter, winter time, rainy season
hilaro	to make cheerful, cheer, gladden, exhilarate
hinc	from this place, hence
hircus	a he-goat, buck
hirsutus	rough, shaggy, bristly, prickly, hirsute
hodie	to-day
homo	a human being, man, person
honor	honor, (public honor) office, (mark of honor) gift, reward
hora	an hour (one  twelfth of the day between sunrise and sunset)
hordeum	barley
horridus	standing on end, rough, shaggy, bristly, prickly
hortus	a garden, pleasure-garden
hostis	a stranger, foreigner, enemy
huc	to this place, hither
humilis	low, lowly, small, slight
humor	
humus	the earth, ground, soil
hyacinthus	the  hyacinth, blue iris
iaceo	to lie, be recumbent, be prostrate, lie at rest
iacio	to throw, cast, fling, hurl
iacto	to throw, cast, hurl
iam	I. Of time, at the moment, at the present moment, now, at this time, just now, at present
ibi	in that place, there
idem	the same
igitur	then, therefore, thereupon, accordingly, consequently
ignarus	ignorant, not knowing, unacquainted with, unskilled in, inexperienced, unaware
ignis	fire
ignobilis	unknown, unrenowned, undistinguished, obscure
ilex	an oak, holm-oak, great scarlet oak
ilia	the abdomen below the ribs, groin, flanks
ille	that
imago	an imitation, copy, image, representation, likeness, statue, bust, picture
imber	a rain, heavy rain, violent rain, shower, pouring rain
imbuo	to wet, moisten, soak, steep, saturate
imitor	to imitate, act like, copy after, seek to resemble, counterfeit, mimic
immemor	unmindful, not thinking, forgetful, regardless, negligent, heedless
immineo	to project over, lean towards, hang down over, overhang, overarch
immitto	to send in, let in, throw into, admit, introduce
immo	no indeed, by no means, on the contrary, nay, in reality
impar	uneven, unequal, dissimilar
impius	of persons, irreverent, ungodly, undutiful, unpatriotic, abandoned, wicked, impious
impleo	to fill up, fill full, make full, fill
improbus	not good, bad, wicked, reprobate, abandoned, vile, base, impious, bold, shameless, wanton
in	into, to
inane	an empty space, void, open space
inanis	empty, void
incendo	to set fire to, kindle, burn
incertus	Of things, not fixed, unsettled, undetermined
incido1	
incido2	to cut into, cut through, cut open, cut away
incipio	to take hold, take in hand, begin
inconditus	without order, irregular, disordered
incrementum	growth, increase, augmentation
incultus	untilled, uncultivated
incumbo	to lay oneself, lean, press, support oneself
indigeo	to need, want, stand in need of, demand, require
indignus	unworthy, undeserving, unfit
indoctus	untaught, unlearned, uninstructed, ignorant, unskilful
induco	to lead in, bring in, introduce, conduct, lead up, bring forward
ineo1	
iners	without skill, unskilful, incompetent
infelix	unlucky, unfruitful, not fertile, barren
inferus	below, beneath, underneath, lower
infindo	to cut into, cleave
inflo	to blow into, blow, inflate, swell
informis	without form, unformed, shapeless
ingemisco	to utter a groan, heave a sigh, groan over
ingratus	unpleasant, disagreeable, unacceptable
inguen	the groin
inicio	to throw in, put in, hurl upon, put on, cast on, set into
iniussus2	without command
iniustus	unreasonable, unsuitable, oppressive, excessive, improper, severe, burdensome
inquio	
insanio	to be of unsound mind, be senseless, be without reason, be mad, rave
insanus	of unsound mind, mad, insane
inscribo	to write upon, inscribe
insero3	
insidiae	a snare, trap
instituo	to put in place, plant, fix, set
insto	to stand upon, take a position; draw near, threaten, insist
insuetus	
integer	untouched
inter	between, betwixt
interea	meanwhile, in the meantime, in the interim
interitus	
intermisceo	to mix among, intermix, mingle
intexo	to weave in, inweave, interweave, plait, join together, interlace, surround, envelop
intonsus	unshorn, unshaven, with long hair, bearded
inuenio	
inuideo	
inuidia	
inuitus	
ipse	Self
ira	anger, wrath, rage, ire, passion, indignation
irritus	undecided, unsettled, invalid, void, of no effect
is	he, she, it, the one mentioned
iste	this, that, he, she
iterum	again, a second time, once more, anew
iubeo	to order, give an order, bid, tell, command
iudex	a judge, juror
iudicium	a judgment, judicial investigation, trial, legal process, sentence
iugum	a yoke, collar; juger of land, mountain ridge
iuncus	a rush
iungo	to join together, unite, connect, attach, fasten, yoke, harness
iuniperus	the juniper-tree
iurgium	a quarrel, strife, dispute, altercation, contention
iussum	an order, command, ordinance, law
iuuenca	
iuuencus1	
iuuenis1	
iuuo	
labellum1	
labor1	
labor2	labor, toil, exertion
labrum1	
labrusca	the wild vine
lac	milk
lacero	to tear to pieces, mangle, rend, mutilate, lacerate
lacertus1	
lacesso	to excite, provoke, challenge, exasperate, irritate
lacrima	a tear
laedo	to hurt, wound, injure, damage
laetitia	joy, exultation, rejoicing
laetor	to rejoice, feel joy, be joyful, be glad
laetus2	a foreign bondman who received a piece of land to cultivate
laeuus	
lana	spin wool
lanugo	woolly substance, down
lapis	a stone
lasciuus	
lateo	to lurk, lie hid, be concealed, escape notice, skulk
latro2	a mercenary soldier (archaic); bandit, robber
latus1	
laudo	to praise, laud, commend, honor, extol, eulogize, approve
lauo1	
laurea	the laurel-tree
laurus	a bay-tree, laurel-tree, laurel (sacred to Apollo)
laus	praise, commendation, glory, fame, renown, esteem
leaena	a lioness
lector	a reader
lego2	to bring together, gather, collect; to read
lego?	
lentus	pliant, flexible, tough, tenacious, sticky, viscous
leo	
leuis1	
leuo1	
liber2	child
libertas	freedom, liberty, absence of restraint, permission
libet	it pleases, is pleasing, is agreeable
libo	to take out as a sample, take a little of
libum	a cake, pancake (flour, made up with milk or oil, and  baked)
licet1	
licium	a cross thread; plur., the woof
ligustrum	privet (a plant bearing grapelike clusters of white  flowers)
lilium	a lily
limen	a cross-piece, threshold, head-piece, lintel, sill
limes	a path, passage, road, way, track
limosus	full of mud, slimy, miry, muddy
limus1	
lingua	the tongue
linquo	to go away, leave, quit, forsake, depart from
liquesco	to become fluid, melt, liquefy
liquidus	flowing, fluid, liquid
lis	a strife, dispute, quarrel, altercation
litus	
locus	a place, spot
lolium	darnel, cockle, tares
longus	long, extended
loquor	to speak, talk, say, tell, mention, utter
lucesco	to begin to shine
lucus	a sacred grove, consecrated wood, park surrounding a temple
ludo	to play, play at a game
ludus	a play, game, diversion
lupus	a wolf
lustro2	a wanderer, vagabond
luteolus	yellowish
lutum1	
lux	light, brightness
lynx	a lynx
macer	lean, meagre, thin, emaciated
maestus	full of sadness, sad, sorrowful, dejected, melancholy, gloomy, despondent
magicus	of magic,  magical
magis2	a plate, dish
magister	a master, chief, head, superior, director, president, leader, commander,          conductor
magnus	large, great, big, high, tall, long, broad, extensive, spacious
malo	to choose rather, prefer
malum1	
malum2	an apple
malus1	
malus2	an      apple-tree
malus3	an upright pole, beam, mast
mando2	to chew, masticate
maneo	to stay, remain, abide, tarry
manus1	
mare	the sea
marinus	of the sea, sea-, marine
maritus1	
marmor	marble, a  block of marble
marmoreus	made of  marble, marble
masculus	male, masculine
mater	a mother
maturus	ripe, mature
medeor	to heal, cure, remedy, be good for
medicina	the healing art, medicine, surgery
meditor	to reflect, muse, consider, meditate, give attention
medium	the middle, midst, centre, interval, intervening space
medius	in the middle, in the midst, mid, mean, middle
mel	honey
memini	I remember, recollect, think of, am mindful of, bear in mind
mens	the mind, disposition, feeling, character, heart, soul
mensa	a table
mensis	a month
mentior	to invent, assert falsely, lie, cheat, deceive, pretend
merces	price, hire, pay wages, salary, fee, reward
mereo	to deserve, merit, be entitled to, be worthy of
merx	goods, wares, commodities, merchandise
messis	a gathering of crops, harvest
messor	a reaper
metuo	to fear, be afraid, stand in fear, be apprehensive
meus	of me, my, mine, belonging to me, my own
migro	to remove, depart, flit, migrate
miles	a soldier
mille	a thousand, ten hundred
minium	red-lead
miror	to wonder, marvel, be astonished, be amazed, admire
misceo	to mix, mingle, intermingle, blend
miser	wretched, unfortunate, miserable, pitiable, lamentable, in distress
miserabilis	pitiable, miserable, deplorable, lamentable, wretched, sad
misereor	to feel pity, have compassion, pity, compassionate, commiserate
mitesco	to be softened
mitis	mild,  mellow, mature, ripe
mitto	to cause to go, let go, send, send off, despatch
modo1	
modulor	to measure, measure rhythmically, modulate
modus	a measure, extent, quantity; way, manner
mola	a millstone, grindstone
mollis	yielding, pliant, flexible, supple, soft, tender, delicate, gentle, mild,          pleasant
molliter	softly, gently, agreeably
moneo	to remind, put in mind of, admonish, advise, warn, instruct, teach
mons	a mountain, mount, range of mountains
monstrum	a divine omen, supernatural appearance, wonder, miracle, portent
mora	a delay, procrastination
morior	to die, expire
moror1	
mortalis2	
mos	a will, way, habit, manner, fashion, caprice, humor
moto	to keep moving, stir, agitate
mugitus	a lowing, bellowing
mulctra	a milking-pail, milkpail
mulgeo	to milk
multo2	to punish
multum2	
multus	many, a great number
mundus1	
munus	a service, office, post, employment, function, duty
munusculum	a small gift, trifling present
murex	the purple-fish (a prickly shellfish)
murmur	a murmur, murmuring, hum, roar, growling, grumbling,  crash
murus	a wall, city wall
muscosus	full of moss, mossy
muscus	moss
muto2	the penis
myrice	
myrtus	a myrtle,  myrtle-tree
nam	for
namque	I. An explanation, for, and in fact
narcissus	the  narcissus
narro	to make known, tell, relate, narrate, report, recount, set forth
nascor	to be born, begin life, be produced, proceed, be begotten
natalis2	
natus1	
nauta	a sailor, seaman, mariner, boatman
nauticus	of ships,  of sailors, ship-, naval, nautical
ne3	really, indeed (only with pron pers. or demonst.)
ne4	
nec2	
necdum1	
necdum2	
nectar	nectar,  drink of the gods
necto	to bind, tie, fasten, join, fasten together, connect
nego	to say no, deny, refuse
nemus	a tract of woodland, forest pasture, meadow with shade, grove
nepos1	
neque	and not
nescio	not to know, to be ignorant
niger	black, sable, dark, dusky
nihil	nothing
nimium2	
nisi	if not, unless
niueus	
nix	snow
noceo	to do harm, inflict injury, hurt
nodus	a knot
nomen	(a means of knowing,) name, appellation
non	not, by no means, not at all
nonne	interrog. In a direct question, not?  (expecting an affirmative answer)
nos	
nosco	to get knowledge of, become acquainted with, come to know, learn, discern
noster	our, our own, ours, of us
noto	to mark, designate with a mark
notus2	
nouale	
nouellus	
nouerca	
nouus	
nox	night
nubes	a cloud, mist, vapor
nudus	naked, bare, unclothed, stripped, uncovered, exposed
nullus	not any, none, no
numen	a nod; divine will
numero1	
numerus	a number
numquam	at no time, never
nunc	now, at present, at this time
nuper	newly, lately, recently, freshly, not long ago, just
nuto	to nod
nux	a nut
nympha	a bride,  mistress, young woman; nymph, demi-goddess inhabiting water or other natural parts
o	O! oh!
obduco	to draw before, draw forward, bring over
obicio	to throw before, throw to, cast, offer, present, expose
obliuiscor	
obuius	
occido1	
occulto	
occurso	to run to meet, throng before
ociter	
oculus	an eye
odi	to hate
odium	hatred, grudge, ill-will, animosity, enmity, aversion
odor	smell, scent, stench; inkling
offero	to bring before, present, offer, show, exhibit
oleo	to emit a smell, smell of, smell
olim	at that time, some time ago, once upon a time, once, formerly, of old
oliua	
oliuum	
olor1	
omnis	all, every
opacus	in the shade, shaded, shady
oportet	it is necessary, is proper, is becoming, behooves
oppidum	a town, city, collection of dwellings
opus1	
ora	an extremity, border, brim, edge, rim, margin, end, boundary, limit
orbis	a ring, circle, circular path, hoop, orbit; the world
ordo	a row, line, series, order, rank
origo	a beginning, commencement, source, start, descent, lineage, birth, origin
orior	to arise, rise, stir, get up
ornate	ornamentally, ornately, elegantly
ornatus2	splendid dress, fine attire, apparel
ornus	the wild mountain-ash
oro	(to speak;) to treat, argue, plead, to pray, to beg
os2	a bone
otium	leisure, vacant time, freedom from business
ouile	a sheepfold
ouis	Little Jupiter, Anti-Jove, an ancient god of vengeance, identified with Apollo, and with the Jupiter of the lower world
pabulum	food, nourishment, food for cattle, fodder, pasturage, grass
pacatus	pacified, quieted, peaceful, quiet, calm, tranquil, undisturbed
paene	nearly, almost, as I may say
paeniteo	to make sorry, cause to repent
pagina	a leaf of paper, sheet, page
paliurus	a plant,  Christ’sthorn
pallens	pale, wan
palma	the palm,  flat hand
palmes	a young vine-branch, vine-sprig, vine-sprout
palumbes	a woodpigeon, ring-dove
palus2	a swamp, marsh, morass, bog, fen, pool
pampineus	of vine-leaves, of tendrils
papauer	
par2	
paratus2	a preparation, provision, outfit
parco	to act sparingly, be sparing, spare, refrain from, use moderately
parens1	
pareo	to appear (rare); to obey
pario2	to bring forth, bear, give birth, drop, lay, spawn, produce
paro2	to make equal
pars	a part, piece, portion, share, division, section
parturio	to desire to bring forth, be in travail, labor
parum2	
paruus2	
pasco	to cause to eat, feed, supply with food
pascor	see pasco
pascuum	pasture
passim	spread, scattered about far and wide, at different places, generally, in every          direction, at random
pastor	a herdsman, shepherd
pateo	to stand open, lie open, be open
pater	a father, sire
patior	to bear, support, undergo, suffer, endure
patria	a fatherland, native land, own country, native place
patrius	of a father, fatherly, paternal
patulus	spread out, standing open, open, wide
paucus	few, little
paulatim	by little and little, by degrees, gradually
paulo	by a little, a little, somewhat
pauper	poor, not wealthy, of small means
pectus	a breast, breast-bone
peculium	property
pecus	cattle
pecus1	
pecus2	a head of cattle, beast, brute, animal, one of a herd
pellis	hide, skin, leather
pello	to beat, strike, knock, push, drive, hurl, impel, propel
pendeo	to hang, hang down, be suspended
pendo	to suspend, weigh, weigh out; pay; value (w gen)
penitus2	
per	through, across, through the midst of, from side to side of, traversing
percutio	to strike through and through, thrust through, pierce, transfix
perditus	lost, hopeless, desperate, ruined, past recovery
perduco	to lead through, lead, bring, conduct, guide
pereo1	
pererro2	
perficio	to achieve, execute, carry out, accomplish, perform, despatch, bring about,          bring to an end, finish, complete
perfidus1	
pergo	to go on, proceed, press on, hasten, continue, go forward, march, make      haste
peritus	experienced, practised, trained, skilled, skilful, expert
permisceo	to mix together, mix thoroughly, commingle,  intermingle
permitto	to let pass, let go, let loose; to allow, permit
perpetuus	continuous, unbroken, uninterrupted, constant, entire, whole, perpetual
peruenio	
peruersus	
pes	a foot
peto	to strive for, seek, aim at, repair to, make for, travel to
pignus	a pledge, gage, pawn, security, guaranty
pingo	to paint, make by painting
pinguis	fat
pinifer	pinebearing, producing pines
pinus	a pine, pine-tree, fir, firtree
pirus	a pear-tree
piscis	a fish
placeo	to please, give pleasure, be approved, be pleasing, be agreeable, be acceptable,          suit, satisfy
placidus	gentle, quiet, still, calm, mild, peaceful, placid
planta	a sprout, shoot, twig, graft; sole of the foot
plenus	full, filled
pluuia	
poculum	a drinking-vessel, cup, goblet, bowl, beaker
poeniteo	
poeta	a poet
pomum	a fruit, tree-fruit, orchard-fruit
pondus	a weight
pono	to put down, set down, put, place, set, fix, lay, deposit
pontus	the sea
populus1	
populus2	a poplar-tree
possessor	a possessor, owner
possum1	
post1	
post2	behind
posthabes	
posthac	after this, hereafter, henceforth, in future
postis	a post, door-post
postquam	after that, after, as soon as, when
potius	rather, preferable, more
poto	to drink
prae	before, in front
praeceps2	headlong
praecipio	(to take beforehand, get in advance); to warn, to order
praedico2	to say before, premise
praefero	to bear before, carry in front, hold forth
praesaepe	an enclosure, stable, stall, fold, pen
praescribo	to write before, prefix in writing
praesens	at hand, in sight, present, in person
praeterea	in addition, beyond this, further, besides, moreover
praetexo	to weave before, fringe, edge, border
pratia	
pratum	a meadow
premo	to press
presso	to press
pridem	long ago, long since, a long time ago
primum	at first, first, in the first place, in the beginning, before all else
primus	the first, first
principium	a beginning, commencement, origin
prior	former, previous, prior, first
priscus	of former times, of old, olden, ancient, primitive, antique
pro1	
procedo1	
procerus	high, tall, long
procul	in the distance, at a distance, away, apart, far, afar off, from afar
procumbo	to fall forwards, sink down, fall prostrate
produco	to lead forth, lead forward, bring out
proelium	a battle, combat
proficio	to make headway, advance, make progress, have success, profit, succeed, effect,          accomplish
profundus	deep, profound, vast
progenies	descent, lineage, race, family
proicio	to throw forth, cast before, throw out, throw down, throw
promitto	to promise; to let go, put forth, let hang down, let grow
propior	nearer, nigher
proprius	not common with others, own special, several,  individual, peculiar, particular, proper
propter2	near, hard by, next to, close to
proripio	to drag forth; hurry, rush
prosum1	
protinus	right onward, forward, farther on, onward
prunum	a plum
pudor	a shrinking from blame, desire of approval, shame, shamefastness, modesty,          decency, propriety
puella	a female child, girl, maiden, lass
puer	a male child, boy, lad, young man
pulcher	beautiful, beauteous, fair, handsome
puniceus	Punic, Carthaginian
purpureus	purple-colored, purple, dark-red
purus	free from dirt, free from admixture, clean, pure, unstained, unspotted
puto	to believe, reckon; to clean, cleanse, trim, prune
qua	on which side, at which place, in what direction, where, by what way
qua1	
quacumque1	
quadrupes1	
quaero	to seek, look for
qualis1	
quam1	
quam2	
quamquam2	
quamuis1	
quamuis2	
quando1	
quandoquidem	since indeed, since, seeing that
quantum1	
quantum3	
quasso	to shake violently, toss, brandish, wave
quatuor	
que	and
quercus	an oak, oak-tree, Italian oak
queror	to express grief, complain, lament, bewail
qui1	
quicumque1	
quicumque2	
quidem	assuredly, certainly, in fact, indeed
quiesco	to rest, repose, keep quiet, be inactive, be at peace
quin1	
quin3	
quis1	
quis2	any one, anybody, anything, some one, somebody, something
quisquam	any, any one
quisque2	
quisquis1	
quo1	
quo2	see quo, and 2 minus
quo3	in what manner, in what way? how?
quocumque1	
quod1	
quod2	
quondam	at some time, at one time, once, heretofore, formerly, on a time
quoniam	since now, since then, since, seeing that, as, because, whereas
quoque	also, too
quot1	
quotannis	every year, year by year, annually, yearly
quotiens2	
racemus	a bunch, cluster
radius	a staff, rod; ray, beam
ramosus	full of boughs, having many branches, branching, branchy
ramus	a branch, bough, twig
rapidus	tearing away, seizing, fierce
rapio	to seize and carry off, abduct (and rape), snatch, tear, pluck, drag, hurry away
rarus	of loose  texture, thin, rare, not thick
raster	
ratis	a raft, float
raucus	hoarse
recubo	to lie upon the back, lie down, lie back, recline
recuso	to make an objection against, decline, reject, refuse, be reluctant to do
reddo	to give back, return, restore; to render, report, deliver, appoint
redeo1	
refero	to bear back, bring back; report, answer, refer (to the senate)
regno	to have royal power, be king, rule, reign
regnum	kingly government, royal authority, kingship, royalty
rego	to keep straight, lead aright, guide, conduct, direct, control
reicio	to throw back, fling back, hurl back
relinquo	to leave behind, not take along, not stay with, leave, move away from, quit,          abandon
reperio	to find again, find, meet with, find out, discover
repeto	to fall upon again, attack anew, strike again
repono	to put back, set back,  replace, restore
requiesco	to rest, take rest, repose
res	a thing, object, matter, affair, business, event, fact, circumstance,          occurrence, deed, condition, case
resono1	
respicio	to look back, look behind, look about, see behind, look back upon, gaze at, look          for
respondeo	to answer, reply, respond, make answer
responsum	an answer, reply, response
restinguo	to put out, quench, extinguish
rete	a net
reuiso	
rex	an arbitrary ruler, absolute monarch, king
rideo	to laugh
rigidus	stiff, hard, inflexible, rigid
ripa	a bank, margin
risus	a laughing, laughter, laugh
riuus	
robustus	of oak-wood; hard, firm, strong
rogo	to ask, question, interrogate
ros	dew
roscidus	full of dew, wet with dew, dewy
rosetum	a garden of roses, rosebed
rubeo	to be red, be ruddy
rubus	a bramble-bush, blackberrybush
rumino	to chew over again, chew the cud, ruminate
rumpo	to break, burst, tear, rend, rive, rupture, break asunder, burst in pieces,          force open
rupes	a rock, cliff
rursus	(turned back, back, backwards); again, anew
rus	the country, lands, fields, a country-seat, farm,  estate (opp. urbs)
ruscum	
rusticus2	
sacellum	a little sanctuary, small open place consecrated to a divinity, chapel
sacer	dedicated, consecrated, devoted, sacred
sacrum	something consecrated, a holy thing, sacred vessel, sacred utensil, holy place,          sanctuary, temple
saeculum	a race, generation, age, the people of any time
saepe	often, oft, oftentimes, many times, frequently
saepes	a hedge, fence
saepio	to surround with a hedge, hedge in, fence in, enclose
saetosus	full of coarse hairs, bristly, setous
saeuus	
salictum	a plantation of willows, willow-grove
salio1	
saliunca	a scented plant, wild nard
salix	a willow-tree, willow, sallow
saltem	saved, save, at least, at the least, at all events, anyhow
salto	to dance
saltus2	a forest, woodland, untilled mountain land,      forest-pasture, woodland-pasture, thicket, jungle
saluus	
sandyx	a bright  red, vermilion
sanguineus	of blood, consisting of blood, bloody
sanguis	blood
sanus	sound, whole, healthy, well
satis1	
satis2	
satur	full, sated, having eaten enough
saturo	to fill, glut, cloy, satiate
satyrus	a Satyr,  forest-god of the train of Bacchus, with goat’s feet
saxosus	full of rocks, rocky, stony
saxum	a large stone, rough stone, broken rock, boulder, rock
scelus	a wicked deed, heinous act, crime, sin, enormity, wickedness
scio	to know, understand, perceive, have knowledge of, be skilled in
seco	to cut, cut off, cut up, reap, carve
sector2	to follow eagerly, run after, attend, accompany, press upon, follow after,              chase, pursue
secundus2	
sed	but, on the contrary, but also, but even, but in fact
sedeo	to sit
seges	a grainfield
semen1	
semiputatus	half-pruned
semper	ever, always, at all times, continually, perpetually, forever
senex1	
sensus	
sentis	a thorn, thornbush, brier, bramble
senus	
septem	seven
sepulcrum	a place where a corpse is buried, burial-place, grave, tomb, sepulchre
sequor	to follow, come after, follow after, attend, accompany
serius	grave, earnest, serious
sero3	late, at a late hour
serpens	a creeping thing, creeper, crawler, snake, serpent
serpo	to creep, crawl
serpyllum	
sertum	
seruitium	
seruo	
serus	a late time, late hour
seu1	
si2	if ever, if at any time; see quando
sibilus1	
sic	thus, in this way, as I do, as you see
sicco	to make dry, dry, dry up
siccus	dry
sidus	a group of stars, constellation, heavenly body
signum	a mark, token, sign, indication, proof
sileo	to be noiseless, be still, be silent, keep silence, not  speak of, keep silent about, suppress
silex	a hard stone, flint, flint-stone, fire-stone, granite
silua	
siluestris	
similis	like, resembling, similar
simul1	
simul3	
simus	flat-nosed,  snub-nosed
sine	without
sinister	left, on the left, on the left hand, at the left side
sinus	a bent surface, curve, fold, hollow, coil
sitio	to thirst, be thirsty
sitis	thirst
siue2	
socius1	
socius2	a fellow, sharer, partner, comrade, companion, associate
sol	the sun; Sol, the sun god
solatium	
solemnis	
soleo	to use, be wont, be accustomed
sollicitus	thoroughly moved, agitated, disturbed
solor	to comfort, console, solace
solstitium	a standing still of the sun, stoppage of the sun’s motion, solstice
solum1	
solum2	alone, only, merely, barely
soluo	
solus	alone, only, single, sole
somnium	a dream
somnus	sleep
sono1	
sopor	a deep sleep, slumber
sordeo	to be dirty, be mean, be despised, be unvalued, appear worthless
sordidus	dirty, unclean, foul, filthy, squalid, sordid
soror	a sister
spargo2	
spatium	a space, room, extent
specto	to look on, look at, behold, gaze at, watch, observe, inspect, attend
specula1	
spelaeum	a cave,  cavern, den
sperno	to separate; to despise, contemn, reject, scorn, spurn
spero	to hope, look for, trust, expect, promise oneself
spes	hope
spiculum	a little sharp point, sting
spina	a thorn
spinetum	a thorn hedge, thicket of thorns
spiritus	a breathing, breath
spons	free will, accord, impulse, motion
spumo	to foam, froth
stabilis	firm, steadfast, steady, stable, fixed
stabulum	a standing-place, fixed abode
statuo	to cause to stand, set up, set, establish; decide, determine
sterilis	unfruitful, barren, sterile, unproductive
sterno	to spread out, spread abroad, stretch out, extend, strew, scatter
stipula	a stalk, stem, blade, halm
sto	to stand, stand still, remain standing, be upright, be erect
strepo	to make a noise, rattle, rustle, rumble, murmur, hum,  roar
strideo	to make a harsh noise, hiss, whiz
stringo	to draw tight, bind tight, compress, press together
studium	application, assiduity, zeal, eagerness, fondness, inclination, desire,          exertion, endeavor, study
stultus	foolish, simple, silly, fatuous, stupid, dull
stupefacio	to make stupid, strike senseless, benumb, stun, stupefy
stupeo	to be struck senseless, be stunned, be benumbed, be aghast, be astounded, be          amazed, be stupefied
suadeo	to advise, recommend, exhort, urge, persuade
suaue	
suauis	
sub	under, below, beneath, underneath, behind
subduco	to  draw away, take away, lead away, carry off, wrest, withdraw, remove
subeo1	
subicio	to throw under, place under, cast below
subiungo	to fasten under, annex, attach
sublego2	
sublime2	
submitto	
submoueo	
suboles	a sprout, shoot
subsum1	
subterlabor2	
subulcus	a swine-herd
succedo1	
succingo	to gird below, tuck up, gird, gird about, girdle
sucus	a juice, moisture, sap, liquor
sudo	to sweat, perspire
sui1	
sulcus	a furrow
sum1	
sumo	to take, take up, take in hand, lay hold of, assume
super1	
superaddo	to add besides, superadd
superbus2	
supercilium	an eyebrow
supero	to go over, rise above, overtop, surmount, transcend
superuenio	
superuolito	
superus	that is above, upper, higher
suppleo	to fill up, fill out, make full, make good, complete,  supply
sura	the back part of the leg, calf
surdus	deaf
surgo	to rise, arise, get up, stand up
suspendo	to hang up, hang, suspend
suspicio2	mistrust, distrust, suspicion
susurrus	a humming, murmuring, muttering, whispering
suus	of oneself, belonging to oneself, his own, her own, his, her, its, their
tacitus	passed in silence, not spoken of, kept secret, unmentioned
taeda	a resinous pine-tree, pitch-pine; (nuptial) torch, wedding
talis	such, of such a kind, such like, the like
tam	in such a degree, as much, so, so much
tamen	notwithstanding, nevertheless, for all that, however, yet, still
tamquam2	
tango	to touch
tantum1	
tantum2	only, merely
tantus	of such size, of such a measure, so great, such
tardus	slow,  not swift, sluggish, tardy
taurus	a bull, bullock, steer
taxus	a yew, yew-tree
tectum	a covered structure, roofed enclosure, shelter, house, dwelling, abode,      roof
tegimen	a covering, cover
tego	to cover, cover over
tellus	the earth, globe
telum	a missile weapon, missile, dart, spear, shaft, javelin
tempus1	
teneo	to hold, keep, have, grasp, hold fast
tener	soft, delicate, tender, yielding
tento	to handle, touch, feel; try
tenuis	drawn out, meagre, slim, thin, lank, slender
ter	three times, thrice
teres	rounded off, rounded, well-turned, round, smooth
ternus	threefold, triple
tero	to rub, rub away, wear away, bruise, grind, bray triturate
terra	the earth
testis1	
texo	to weave
thiasus	a dance in  honor of Bacchus, Bacchic dance
thymum	thyme (an  herb)
tibia	a large shin-bone, tibia, shin, leg
tigris	a tiger, tigress
timeo	to fear, be afraid, be fearful, be apprehensive, be afraid of, dread,      apprehend
timidus	fearful, afraid, faint-hearted, cowardly, timid
tollo	to lift, take up, raise, elevate, exalt
tondeo	to shear, clip, crop, shave
tornus	a turner’s  wheel, lathe
torqueo	to turn, turn about, turn away, twist, bend, wind
torrens2	a torrent, a stream of words
torridus	dry, dried up, parched, torrid, hot
toruus	
tot	so many, such a number of
totus	all, all the, all at once, the whole, entire, total
trado	to give up, hand over, deliver, transmit, surrender, consign
traduco	convey across
traho	to draw, drag, haul, train along, draw off, pull forth, drag away
trans	across, over, to the farther side of
transuersus	
tremulus3	
tres	three
trhyrsus	
triplex	threefold, triple
tristis	sad, sorrowful, mournful, dejected, melancholy, gloomy, downcast,      disconsolate
triuium	
tu	you
tueor	to look at, gaze upon, behold, watch, view, regard,  consider, examine
tugurium	a hut, cot, cottage
tum	then, at that time, in those times
tumulus	a heap of earth, mound, hill, hillock
turbo2	that which whirls, a whirlwind, hurricane, tornado
turgeo	to swell out, be swollen, be tumid
turpis	ugly, unsightly, unseemly, repulsive, foul, filthy
turtur	a turtle-dove
tus	incense, frankincense
tutus	guarded, safe, secure, out of danger
tuus	thy, thine, your, yours
uacca	a cow
uaccinium	a blueberry, whortleberry
uae	
ualeo	to be strong, be vigorous, have strength, be able
uallis	
uarius	Of color and appearance, variegated, party-colored, mottled, diverse, various
uates	a foreteller, seer, soothsayer, prophet, diviner
uber1	
ubi1	
ubi3	
uector1	
ueho	to bear, carry, convey, draw
uel1	
uel2	or even, if you will, or indeed, even, assuredly, certainly
uello	to pluck, pull, tear away, pull out
uellus	wool shorn off, a fleece
uena	a blood-vessel, vein
uenenum	a strong potion, juice, drug (old)
uenia	indulgence, kindness, grace, favor
uenio	to come
uenor	to hunt, chase
uentosus	full of wind, windy
uenturum	
uentus	wind
uer	the spring
uerbena	a leafy twig, olive-branch, sacred bough (of laurel, olive, myrtle, or cypress, borne by the fetiales)
uerbum	a word
uereor	to fear; to reverence, revere, respect, stand in awe
uero4	
uerso	to turn often, keep turning, handle, whirl about, turn over
uersus1	
uerto	to turn, turn up, turn back, direct
uerum4	
uester	your, yours, of you
uestigium	the bottom of the foot, sole; footprint, trace
uestio	to cover with a garment, provide with clothing, dress, clothe, vest
ueto	not to suffer, not to permit, to oppose, forbid, prohibit
uetus	old, aged, advanced in years
uexo	to shake, jolt, toss violently
uia	a way, highway, road, path, street
uiburnum	the wayfaring-tree
uicinus1	
uicinus2	
uicissim	on the other hand, on the contrary, again, in turn, back
uictima	a beast for sacrifice, sacrifice, victim
uictrix1	
uictus	
uideo	to see, discern, perceive
uilis	of small price, of little value, purchased at a low rate, cheap
uilla	a country-house, country-seat, farm, villa
uimen	a pliant twig, switch, withe, osier
uinco	to conquer, overcome, get the better of, defeat, subdue, vanquish, be victorious
uinculum	a means of binding, fastening, band, bond, rope, cord, fetter, tie
uinea	a plantation of vines, vine-garden, vineyard; shed for sheltering besieging soldiers
uinitor	a vine-dresser
uinum	wine
uiola	the violet, gillyflower
uir	a male person, adult male, man
uireo2	
uirgo	a maid, maiden, virgin
uirgultum	
uiridis	green
uirtus	manliness, manhood, strength, vigor, bravery, courage, excellence
uita	life
uitis	a vine, grape-vine
uitium	a fault, defect, blemish, imperfection, vice
uitta	a band, fillet, chaplet, headband
uitula	a young cow, heifer
uiuax	
uiuo	
uiuus2	
uix	with difficulty, with much ado, hardly, scarcely, barely
ullus	any, any one
ulmus	an elm, elm-tree
ulna	the elbow
ultimus	farthest, most distant, most remote, uttermost, extreme, last
ultra2	
ultro	to the farther side, beyond, on the other side
ulua	
ulula	a screech-owl
umbra	a shade, shadow
umbraculum	a shady place, bower, arbor
umbrosus	full of shade, rich in shade, shady, umbrageous
umquam	at any time, ever
una	in the same place, at the same time, at once, together
unda	a wave, billow
unde2	
undecimus	the eleventh
undique	from all parts, from every quarter, on all sides, all around, on every part,          everywhere
unus	One, a single
uoco	to call, summon, invoke, call together, convoke
uolo3	a volunteer
uolo?	
uolucris	a bird
uoluo	
uoluptas	satisfaction, enjoyment, pleasure, delight
uos	
uotum	a promise to a god, pledge, religious engagement, vow, wish
uox	a voice, sound, tone, utterance, cry, call
upilius	
urbs	a walled town, city
uro	to burn
usque	all the way, right on, without interruption,  continuously, even
usus	
ut	in order that, so that, when; as; how
ut1	
ut2	that, so that
ut4	
uterque	Sing., each, either, each one, one and the other, one as  well as the other, both (of two regarded severally)
utinam	oh that! I wish that! if only! would to heaven! would that!
uua	a grape, berry of the vine
uuidus	moist, wet, damp, dank, humid
uulgo2	to make public
uulpes	
uultus	facial expression, face
uxor	a wife, spouse, consort
zephyrus	a gentle west wind, western breeze, zephyr